<?xml version="1.0" encoding="UTF-8"?>
<cpilint>
    <rules>
        <!-- 
        ========================================================================
        Basic Integration Flow Requirements
        ========================================================================
        -->

        <!-- Require that all iflows have a description. -->
        <iflow-description-required/>

        <!-- 
        ========================================================================
        Security-Related Rules
        ========================================================================
        -->

        <!-- Prevent cleartext basic authentication on unencrypted connections -->
        <cleartext-basic-auth-not-allowed/>

        <!-- Ensure all data store writes are encrypted -->
        <unencrypted-data-store-write-not-allowed/>

        <!-- Ensure all endpoints are encrypted -->
        <unencrypted-endpoints-not-allowed/>

        <!-- Ensure CSRF protection is enabled for HTTPS sender channels -->
        <csrf-protection-required/>

        <!-- 
        ========================================================================
        Routing & Process Configuration Rules
        ========================================================================
        -->

        <!-- Ensure all ProcessDirect receiver channels have matching sender channels -->
        <matching-process-direct-channels-required/>

        <!-- Don't allow Router steps configured with both XML and non-XML conditions -->
        <multi-condition-type-routers-not-allowed/>

        <!-- 
        ========================================================================
        Adapter-Related Rules
        ========================================================================
        -->

        <!-- Restrict usage of receiver adapters - default: disallow social media adapters -->
        <disallowed-receiver-adapters>
            <disallow>facebook</disallow>
            <disallow>twitter</disallow>
        </disallowed-receiver-adapters>

        <!-- Restrict usage of sender adapters - uncomment and configure as needed
        <disallowed-sender-adapters>
            <disallow>facebook</disallow>
            <disallow>twitter</disallow>
        </disallowed-sender-adapters>
        -->

        <!-- 
        ========================================================================
        Mapping & Scripting Rules
        ========================================================================
        -->

        <!-- Only allow specific mapping types -->
        <allowed-mapping-types>
            <allow>message-mapping</allow>
            <allow>xslt-mapping</allow>
            <allow>operation-mapping</allow>
        </allowed-mapping-types>

        <!-- Restrict scripting languages - uncomment if needed
        <disallowed-scripting-languages>
            <disallow>javascript</disallow>
        </disallowed-scripting-languages>
        -->

        <!-- 
        ========================================================================
        Resource Management Rules
        ========================================================================
        -->

        <!-- Prevent duplicate resources across integration flows -->
        <duplicate-resources-not-allowed>
            <resource-type>groovy-script</resource-type>
            <resource-type>javascript-script</resource-type>
            <resource-type>message-mapping</resource-type>
            <resource-type>xslt-mapping</resource-type>
            <resource-type>operation-mapping</resource-type>
            <resource-type>java-archive</resource-type>
            <resource-type>edmx</resource-type>
            <resource-type>wsdl</resource-type>
            <resource-type>xml-schema</resource-type>
        </duplicate-resources-not-allowed>

        <!-- Control which Java archives are allowed -->
        <!-- Uncomment and configure as needed
        <disallowed-java-archives>
            <disallow>your-unwanted-library-*.jar</disallow>
        </disallowed-java-archives>
        -->

        <!-- 
        ========================================================================
        User Role Rules
        ========================================================================
        -->

        <!-- Control which user roles can be used -->
        <!-- Uncomment and configure as needed
        <allowed-user-roles>
            <allow>JnJApproved</allow>
        </allowed-user-roles>
        -->


    </rules>
</cpilint>
